{
    "login": "lava-dukanam",
    "id": 12294890,
    "node_id": "MDQ6VXNlcjEyMjk0ODkw",
    "avatar_url": "https://avatars1.githubusercontent.com/u/12294890?v=4",
    "gravatar_id": "",
    "url": "https://api.github.com/users/lava-dukanam",
    "html_url": "https://github.com/lava-dukanam",
    "followers_url": "https://api.github.com/users/lava-dukanam/followers",
    "following_url": "https://api.github.com/users/lava-dukanam/following{/other_user}",
    "gists_url": "https://api.github.com/users/lava-dukanam/gists{/gist_id}",
    "starred_url": "https://api.github.com/users/lava-dukanam/starred{/owner}{/repo}",
    "subscriptions_url": "https://api.github.com/users/lava-dukanam/subscriptions",
    "organizations_url": "https://api.github.com/users/lava-dukanam/orgs",
    "repos_url": "https://api.github.com/users/lava-dukanam/repos",
    "events_url": "https://api.github.com/users/lava-dukanam/events{/privacy}",
    "received_events_url": "https://api.github.com/users/lava-dukanam/received_events",
    "type": "User",
    "site_admin": false,
    "inout": "santhosh",
    "name": "Lava Kumar Dukanam",
    "company": "Appfire",
    "blog": "",
    "location": null,
    "email": null,
    "hireable": null,
    "bio": "Software Engineer",
    "public_repos": 26,
    "public_gists": 4,
    "followers": 4,
    "following": 9,
    "created_at": "2015-05-07T11:33:53Z",
    "updated_at": "2020-03-16T14:58:30Z"
}